feature_1,feature_2,feature_3,feature_4,feature_5,target,category
2.6205111044454483,1.1464021168180036,-1.5777134975014322,-1.506682481942893,1.1556684669307786,1,D
-0.5122723926311066,1.886161815943079,-1.1599498724488226,-0.3217289501193359,1.2863534459278134,0,C
3.2021835614844085,0.8786102686810736,0.3402973624618374,-0.26021504911378457,0.7394043284393466,0,B
4.252215218815351,2.9015085981469686,-1.2091695217221343,0.26794492853714136,2.082364883797094,0,A
3.2321775088134945,0.8959318928202805,-0.6823193051433533,1.175559508647177,0.4576612876988265,1,B
0.3906154773174315,0.9406744365814617,-1.3245224233976005,0.6355375810728451,0.473217456438163,0,C
1.8240624573309652,0.04848642377842065,-0.0909847299101102,-0.1840897627546818,0.08593584184321923,1,C
3.135586729075289,-0.01943001128393478,1.7341429535011834,-0.24369283403490782,0.10941382188692061,1,A
-0.17619479098761293,1.4775745223794852,0.714407857051205,0.045072224893029644,0.9421873843285156,0,A
1.1198185253289856,1.1531747455477306,0.012840764933972544,2.0601819710785625,0.3604304557532371,0,A
1.9706124824396172,-0.35961218676186785,-0.3179197940885654,0.8242514629792568,-0.3981901303377791,1,C
2.648306992243178,2.2278605507717204,-1.5648868035948564,0.4542662404288451,1.5048566212994,1,C
2.6550126259005458,-1.3508069787141304,-1.4415798249128113,0.08074850763920305,-0.9032204192273007,1,A
2.680451026791439,-1.3880146447113855,-1.483918104284063,0.3479744978542446,-0.982851395743588,0,A
2.339246772196496,0.3516843507816692,1.2590609449989325,-1.7507458973664956,0.6414317567925272,0,A
2.9612948490108497,0.7636628496099835,0.23377220266366794,1.6727785519073486,0.25155142743438424,1,D
1.787138924491115,1.0980764690600413,0.720883032528686,1.8488983758997573,0.3953052349011814,0,A
1.3927347779947128,-0.04476953518237687,0.6382253800786185,-1.4272717012339635,0.2574944016275549,0,C
4.532677565876997,3.113311911858208,-0.649974142003546,2.619909757591805,1.7585151926775768,0,C
2.186673074966958,0.44431855089907524,-0.010027014449288073,0.5095708160937407,0.2343849138156371,0,B
1.9325686348685247,0.8453146449608732,-0.5296503530849649,-0.9699412833671486,0.8056340140679104,0,A
2.7702507718671887,1.898768856983175,-2.098092858016134,-1.2150146164322555,1.6248549930188696,0,A
3.072613712619901,1.3868035424130036,-1.374121306113858,1.0387061658749064,0.8195638482959829,1,C
2.781233349172014,1.0657245901704857,1.0757332149052514,-1.666379161608745,1.1396226545307973,0,C
3.487104924288428,1.9133627685407377,-0.523249685790712,-0.6604275718781014,1.5529156927676202,0,C
2.2632429489125405,-0.20580943603386678,0.9409147288119201,-0.4846319348514554,-0.009329917444639851,0,B
-0.8947529721145244,2.062715248942471,-0.700726120948047,-0.8632688275045886,1.503236971861622,0,A
-0.02322418679383187,1.026515744709706,1.7754583763921166,0.09284575081339674,0.6259480360742743,0,D
2.7488064399517134,1.4878332658620055,-1.1714428561832855,-0.38108998170495534,1.167128950959887,1,C
-0.5483239339059285,2.4561317988591327,-0.24308324242601895,-0.2972106382426918,1.6755153808352143,0,A
1.6008906933652174,0.050552049393157536,-0.29036608811773307,2.574323277921521,-0.4895260363884269,0,D
3.306354991165472,1.7727818489461222,-0.05760258823295228,-0.8139125058405634,1.4787914092134067,0,C
0.5755172349232403,-0.48183341062614726,-0.2341605657203208,-3.2297605805339127,0.2880799790591314,0,B
1.837522269235453,-0.3812848240460787,0.4268819228449152,-1.2814619874557702,0.0136397637264698,0,C
0.2009157062827036,0.9172500882050489,-0.14513593776581168,0.2966317154698853,0.5181633684849228,1,D
2.7069968807420315,1.0380370359315472,-0.7940833514949941,1.2787368779728843,0.5117552703453137,1,C
-0.40211398763098316,1.9390547236535995,-0.9872108472179573,-0.14697754976293065,1.2920703005330114,0,A
1.2014214856542416,-0.37726276012561194,-0.008187812372709227,-1.9719566005162492,0.1300361248138069,0,B
0.7142303755899526,2.213003785735979,-1.383515140352146,3.620005925320419,0.7577502555991174,0,D
0.9800872160787155,-1.7277933169757154,0.38009621631336266,-2.0325538738595164,-0.8052170238484557,0,A
-0.42336870234212354,1.378848424309293,-0.8888762341520915,-0.49789601785004933,0.9742250911370517,0,B
3.613461727105909,3.1505011890696464,0.20539706332670704,-1.0427696665588295,2.4962381352372334,0,B
3.1316058641293014,1.7725158872714781,0.15128758234061943,-1.369810315879285,1.585085137063086,0,B
1.3682706225774561,1.1586564388241871,1.0857376605924183,2.4816516004564,0.28867024165339134,0,C
3.057958513110827,1.4647935510017598,0.8193363973156614,-0.2617522639167863,1.1403647233169514,0,D
2.6774720184999605,0.7962257707105839,2.0467963542892793,0.31122818195188184,0.54137926501484,0,A
1.2431875504832606,1.0012041280121489,-1.958050043779799,-1.1836106647226199,0.9271141433439587,1,A
0.018108985946595046,1.1087284786817437,-0.26834137513443335,0.2569886947621164,0.6511418320118311,1,A
1.2206077515257505,-0.3870901689898965,-1.6795228096551733,-1.9549918664231667,0.1205789280016851,0,D
1.8979301711932184,-0.24800543633905345,-0.8742984041310848,1.759935456951613,-0.516241735812564,0,C
2.4808275870265586,-0.8742372991509861,-0.05700928909421721,-1.2030760017908295,-0.31615370810930754,1,A
0.7626258784520206,-0.8046067182316511,-0.3184429222846713,-2.3906158419749337,-0.1002110789926752,0,D
-0.27971920851711496,1.9784564630959287,0.10865985711722993,0.14033348600477447,1.2658278569935018,0,D
3.6406669132011684,-2.789923434676855,-1.9321810750942454,0.04497128362967917,-1.851355438051161,1,D
2.2853275400519952,1.8682530028704796,-0.2606300045742809,0.713029099246706,1.1857868968677778,1,D
1.847581060028518,2.381973247542553,-0.25334181374236103,2.8671545882174634,1.0802866068258201,1,A
1.067234532130163,0.7498042681649109,1.3516110203112655,1.6647540509545593,0.1592509441529433,0,C
1.4110488961212582,0.5219008031044254,-0.2838015468167825,2.0798514709026246,-0.06902444243535043,0,B
1.2908897160116775,0.9077885894179689,-0.11764863703713904,2.120512449896845,0.18524206208791466,0,D
3.812562527217968,1.9530777527660559,-1.452940238488937,0.9769776831380155,1.2584348783063437,0,C
-0.2482172562015612,2.042187218653969,1.0478770418540797,0.24415666992834906,1.2901474836252234,0,C
2.511461103800827,1.2484437799106505,-3.477649980231333,0.18317236959545613,0.8743441627235411,1,C
2.290916567074814,0.4842989581337188,2.2085301138772655,0.26716718672710527,0.31661302359466853,1,A
2.090459375108874,1.620637247739274,-1.0832662966066677,-1.1445301738428482,1.3869585380331766,0,B
0.18724365639961138,1.5679701799101096,-0.06285574261312825,0.6718853390082911,0.8923076219238945,0,D
0.7833399572299511,0.7870592649528804,-0.9773885672398656,1.1025578751048923,0.28803576014491944,0,D
1.9015451106438137,0.7362015269123295,-1.2754043090654619,-1.4827532777278354,0.8338836371231383,0,A
3.269943658949305,1.5971929707266141,1.698973784883968,-0.26075663428801854,1.2415405697665847,0,A
0.23452919958962837,1.6402311981993603,1.9161411137644047,0.690429976053967,0.9407816927023208,0,A
2.7614619547293087,-1.6153600550466354,-1.4391804149999172,1.9712632081572807,-1.4707695706345887,1,C
-0.6095379718622942,3.111265671328009,0.2844942630156943,0.27574927448371656,2.0099718044101405,0,D
3.311038457473013,1.9919563462365357,-0.21989826169565102,-0.5775483007791651,1.5826201409845186,0,A
0.7929897370004853,1.3420993402704025,-0.32686546406283007,2.834772911939997,0.31786690183687855,0,B
4.177696261934862,2.2180062554936315,-0.6925014807931449,1.158235584413363,1.4214109163774367,1,D
0.6465523550603429,0.7352082342344591,1.612444247585798,0.9810961011854447,0.2709037780158511,0,C
-0.9560564816086319,1.628806005722092,-0.03222716912500597,-1.509603910035822,1.332033217039132,0,B
0.8724446447350147,0.4163711583933903,0.9782014610242322,1.154271348541151,0.02395532449253636,0,B
-0.09681495006397833,1.3649153648374617,0.30972046505951867,0.03125252845544346,0.8703276230146015,0,B
0.1020948351704738,1.2929267094592864,1.0508959063410717,0.479952567191142,0.7369667883460618,0,A
2.0785568820694804,1.1955724152809233,1.0607588874908287,-1.7986633060132147,1.2256988376428208,0,B
2.738052905522461,1.3080837921709927,0.13462282667481582,-1.0897923943112067,1.1874917901289117,0,C
2.556217179108857,-1.31584573503831,-1.245186174487481,1.6390388416743948,-1.203629502001932,0,D
1.7143105494388862,0.7612597747625804,0.18951973453850632,-1.6247955735001953,0.872144191984324,0,C
2.3103776816953356,0.9431073841330133,2.0583933012280453,-2.390404151757434,1.1823251277298201,0,C
1.9861499335474804,2.7158596110690785,0.06536228511138897,-0.4811635847991589,2.0065265850276846,1,A
1.275999546483981,0.5719470865109458,-2.2569772125296836,2.0006812788636794,-0.024010643881852044,0,B
3.229402297420363,-2.187800116502262,0.39359355410619257,-0.60785914021909,-1.317348769646476,1,A
1.619011874148675,0.8060941018665624,-0.05271825209906633,-1.214329497943858,0.8146692156365819,1,A
2.1138047406537557,0.09766065461364466,0.2276108630271959,-0.23244828721308486,0.1429233302759768,0,C
3.5266101047013034,1.0057295893702702,0.8384218727358835,0.8052168076137258,0.6231367676936203,0,D
2.2793712559813546,1.16424981678071,-1.605188427347943,-1.0385926550436162,1.056663996339856,0,A
3.42393543084311,2.1578030895811353,-0.1462683924049919,-1.0088003457632828,1.7914550043940942,0,B
2.7206853062557252,2.7442196195297006,-1.579752183147106,1.3631393565628256,1.679847684014893,1,D
2.8482021969387614,3.203469184436693,-0.6319244787479058,2.9667236071762346,1.6748448398281524,1,A
3.0764512035387144,1.733554400341904,-1.4646901463565898,-1.0065745622587503,1.4809144279515223,0,B
2.434294341093438,2.1157644952726735,-1.199261262652501,-2.116750555019008,1.945928473523426,1,C
2.20239058559117,-0.17462697124961019,0.3867978793338697,3.220693901139915,-0.7519725677106762,0,C
2.0410796007038705,0.4316312938391079,-0.9037194188278028,3.18654622653583,-0.33112940341890884,1,A
1.8470852479519653,0.12435829874757935,0.38687353455088624,1.3136489613924023,-0.1681943166170552,1,B
2.332572261645258,0.9665579808414761,0.6336097176281678,-2.401051340911499,1.2017865555212217,0,C
2.9017383970990718,0.9869348398327988,1.739401667622081,-0.23753983015534919,0.7965917465580463,1,B
3.0739747787954386,2.1244210591754555,-0.7139336401345916,0.25985631859315017,1.4919347523558104,0,A
3.2152870251506505,2.171637684317756,-0.4788726708860507,-1.0093823461182603,1.7918925481537906,0,C
1.506011995294977,0.2384246852745595,1.3626478986119035,2.1717952679285233,-0.2805499817102321,0,A
2.055967933723732,1.5594260245117895,1.3744948965406905,-1.4611163204165254,1.4079864713827177,0,C
2.0911332373722176,0.8046660560083659,-2.224653117264999,-1.383700442573518,0.8695092436765156,1,A
2.89676187859029,-1.8909739065188496,-1.561337992154746,0.8404647802653366,-1.4237186812261717,1,D
-0.14754821229223114,1.0285595937531193,1.418790028052908,-0.2878441674042864,0.7000787744180841,0,B
3.624618909066684,-3.2680424458176787,0.4651667569052471,4.742130437680194,-3.149539589945293,1,B
0.5700858100389448,1.4367638860768646,-1.3668192110966577,1.3520456527831786,0.678438928424288,1,A
1.7318112628911746,-0.004452197070926367,-0.043792100512103804,-2.133973267609379,0.4458427099205964,0,B
3.2654145628311744,-0.574848902359933,-0.18936982829074447,4.644767163082423,-1.275275119923855,0,D
0.3071746962037478,-0.5379591795770298,0.12178022833475395,-3.318406290545523,0.2553775131336076,0,D
0.5177558627373787,1.0100469586796368,-1.861111278623994,0.986393374105224,0.45493811740434037,0,B
3.0024524663340695,3.4174628687005084,-2.152439046268608,2.3061220447395914,1.9660958552415981,1,B
2.878217380018719,1.7821633714228586,-0.7833166566385952,-0.7019971914197911,1.4432421082484284,0,C
3.049641397043928,2.322115994151359,-0.4008948395652787,-2.221406826944131,2.138132876762275,1,D
2.1493059647681934,0.6139432302834408,0.08370853917809279,-1.912324631444151,0.8483074690696869,0,B
0.7399258860792816,1.1816214684846253,-0.14442011827349283,1.4769059250534853,0.48315728051610285,0,B
0.6882055831133893,1.2909476495644703,0.8135060085888715,3.501981389996289,0.1405431982017641,0,B
3.5304909003862113,1.6116148713269458,-0.5743834082047339,0.5474167767255245,1.0970446650647658,0,C
2.6327233749142875,-0.23322527805431176,-2.2461345663212544,0.6648376234727388,-0.2481790657143989,1,A
1.3625511323246327,-0.07843931819150009,-0.19337748947608754,1.9821493628751747,-0.46799857473116135,0,C
3.2717716207167267,2.165891921712977,-0.08472186611941321,-0.49089394940235764,1.6838478684011717,0,B
2.7304337730237482,1.7225843925199313,-0.7966611374575491,0.9786358791845379,1.0498539208464102,1,C
2.6821956904318016,-1.741967362241365,0.00816522362247818,2.391777226880449,-1.6486508800743993,1,A
0.1319071913370511,1.7419996874947266,-0.05248291925543869,0.7254421897266132,0.9996879536554751,1,B
3.3343972865728224,0.40863721614458837,-0.276569291742015,-1.2486480927909929,0.6220866205465693,1,B
1.5115455581763657,-0.27285045910269573,-1.5368716561627433,1.8602209200136208,-0.5713098287524135,0,C
2.9557914747685894,-1.1401167812701078,1.0432062034771692,3.752849446668947,-1.4982775433297457,0,A
1.546537317445265,0.04221281864153039,-0.8979539505127935,1.9537028825520992,-0.37017549755394985,0,B
1.6123554029777276,1.8087291994387797,-0.44051550420755425,2.8847062339575578,0.6681264450117771,1,B
1.3010427279277565,0.2024036185275261,0.3436542213390037,1.8219944845614813,-0.2427921482656417,1,B
2.483702760433607,-1.5431996971706683,0.1989217288021038,2.497138244329059,-1.5411127982763952,1,C
2.5085609657463843,0.8646009212907276,0.49996281752110183,0.07341710771063648,0.630220512851801,0,C
1.8466501711884302,-0.11091215204360995,-0.24426880020724923,2.492055712524318,-0.5738015599094046,1,D
2.0323443507797974,-0.3924390127668416,0.47541792964732044,2.2243146040177857,-0.7060048649434781,1,A
2.121978736253573,0.15682920174359075,-0.24260058218075314,0.4802424422391338,0.037890415344563035,0,D
3.4958362974533124,1.8024390758121707,-2.6288675979413214,-1.6156836476589018,1.6726172788419211,0,B
0.4458575561124052,0.6308748645540654,-3.1410318102843235,0.7479193491547282,0.237442796699143,0,A
1.7548259221270952,-0.03374724457307638,-3.0857622914621636,1.7584973745563695,-0.37352919330259693,1,A
1.4205199953714036,1.3910933145759434,0.13596198626143363,-3.3279162011004284,1.6464990769063153,0,B
3.725803163702621,1.404395111960999,0.8188752805420321,-0.7456258929461801,1.2276100117956217,1,C
2.517992139367734,-1.2436685540326617,-1.2975601716146692,-0.17823785065990827,-0.7816884941908748,0,C
-1.041550490699671,3.0202771025488837,0.18500299522196462,-0.4116284244089181,2.0688351864175334,0,C
1.0667741708758274,1.5913721120821072,-0.9431940797815815,2.192394220827457,0.6351932183662419,0,B
1.0055260844699279,1.9369953067038137,-0.1736492058336655,1.9851754439797267,0.9150702881523981,1,B
1.656020109151597,1.400201481149337,1.4818094350124233,-2.9104995468613466,1.577513612922519,0,A
0.403050753794441,1.3099072158236347,1.2582886982156778,0.7885944042926143,0.6987197454414631,0,B
0.5895653018583219,1.331032887520763,1.2793508941891194,1.254695618186218,0.6258921870535328,0,B
-0.039626698619538825,2.3506807776951493,-0.14603900504716144,0.6741047399664618,1.4252916358695544,0,A
2.5911677125120196,-1.1028909902194883,-1.233772155583985,-0.6260585129243905,-0.5886254739965495,1,A
-0.18508515668374015,2.7109801805247677,0.07033340869316941,0.7651500256084258,1.650306423422006,0,B
0.3667519483157,1.471720896282522,-0.8950451754859652,0.8761115327213829,0.7914844250058499,0,C
2.0930357389850696,-0.44361690116754604,-1.882554805918729,0.2420660481077792,-0.33141381932772246,1,D
0.531318460611478,-0.5950879783602823,1.2705809862411943,-2.547063477975763,0.0671437618985657,0,D
1.8928761732712585,-0.41059658213815053,-0.8061664903080092,2.1982958488322657,-0.7194755363009704,0,C
4.475321059753021,2.070136078251047,-2.3028376129588843,0.6964352408275551,1.4268932993589842,0,B
3.72238063629559,3.2050999838894345,0.4247510107378635,-0.22949097666199503,2.3718424091977393,0,C
2.426089871014251,0.5031607241674197,-0.14900531519156454,-0.15617708171098443,0.42274295872761036,0,C
0.3072889824031515,0.9241457192710221,-0.150470036300343,0.4592299099657505,0.49426759124938113,0,A
4.483622729584969,-4.178277172551701,-0.7981413011118318,0.5919450508759342,-2.8903700616706542,0,B
0.5481132639789356,1.4648467516404626,1.1999687041773441,1.1668633968570512,0.7350244822809974,0,D
2.3150204693332093,1.4955717060704483,-1.59049399627475,-2.216613801044632,1.5304611319517818,0,B
1.7172420454926225,0.6818710978775984,0.008319011568722834,2.966296433212638,-0.126502227635285,1,B
-0.10948532478038109,1.1864039034120146,-0.7607853418175541,-0.09413299209904658,0.7715706864773658,0,B
3.71102167395496,2.808509959303386,-0.24789170189557164,-0.09425699606652915,2.0681353455419993,1,A
0.025716070223392062,1.686524929018906,0.8834906110091387,0.5050773872875274,1.0017301189961212,0,B
3.0488115482817615,-2.0393088612136943,0.831817363258881,1.3178610279669805,-1.6180814222040325,0,B
-0.4534926161650432,2.52226468689877,-1.356165619038405,0.12367898909654329,1.6391532315177888,0,A
1.98843742602069,1.1182517774424763,-1.2113046087744437,-1.326593879677748,1.0709640347244735,0,A
0.7311268242240497,0.9415887929291951,2.1302323382125943,1.3006988630451772,0.3522960753878048,0,D
1.970908235157497,0.05867942253188887,-0.9852369458521404,2.7510871666262897,-0.5037402715268435,0,A
0.10690609383104888,1.2130111709392588,-0.05655706320701761,0.34623826437209226,0.7091683900159806,0,B
0.9870990646714932,0.463085562258956,-0.3783181595714101,-3.5962742041072873,1.0379205591511853,0,A
1.163155501248811,0.6099635899668283,-0.40357715191347526,1.782694931737535,0.04216995831675707,0,D
3.570662692565553,2.206945337027557,0.1878187280582151,0.16269597191038532,1.5913257833201075,0,A
3.533736527448327,0.4634923469245531,0.02621761461840315,-0.987421199496731,0.6153624987560836,0,B
1.1214881474330702,0.8436062394135265,-0.2152103800023417,1.9648258522917068,0.16512930256564767,0,D
1.5142293916995757,0.5913372590217841,0.6701046833332115,-1.1768588538921825,0.6531680789849321,0,D
1.9141966280170002,0.1623543874294154,-1.253736260224025,-1.4869713462265772,0.4368149906117462,0,A
2.6458142639154927,-0.1119516607426787,-1.943296582735911,-0.32709440572149395,0.04050061090261684,1,D
1.8685072875904978,-0.1961175733286693,1.981658376672861,0.07480397494779045,-0.13515937940855355,1,B
3.275447293818794,-2.344631062427276,0.2870386921679625,0.7046990494318578,-1.6939889156871653,1,B
-0.3454300835756934,1.9375021215132457,-1.179299387047686,0.06545260338820358,1.2498531580650138,1,A
1.0290896093081487,1.1748879827167527,-1.4651916846251587,1.5400945465460807,0.4783675520406534,1,A
1.560282245187413,0.5028974704269669,-0.4145406260710366,-2.468772228455225,0.859340927896361,0,C
1.7740260318904897,0.3127308837291512,-0.007579949076790715,2.671055513151043,-0.3196341831372012,1,B
1.8781569597690018,-0.647630188533495,0.44373964505540947,-1.9603544468361291,-0.029971743918195955,0,B
-0.43241147032210914,3.0297217811547625,-0.5082850896894671,0.6840472199883401,1.8773098626066083,0,C
2.387193719089779,2.087902201950327,0.755188401401413,-2.0646549524218836,1.9137753157456387,1,C
1.9833040758313754,0.6497407801857681,0.20512635792336628,-2.27947432602336,0.9412393300351407,0,A
1.798898789551561,0.3164313524919728,0.8017731005617523,1.937061046442123,-0.165092870685179,1,C
0.8758124605846824,0.06681337827882765,-0.34790005624574666,-3.5306365864416382,0.7442900507159533,0,A
4.031326145906449,-3.411709554105138,0.6206186309493154,-0.016633790589278163,-2.2530899076686035,0,C
3.866921011799696,2.4837662425575453,-0.3841284073723296,0.9069738320319103,1.6437715385929361,0,C
1.6854139504182157,0.4113781646118982,0.8228212175382804,2.6938868232573006,-0.2597680091399071,0,D
2.9420186370543036,1.3963058199073923,-0.3932841976197974,-0.482153491810141,1.1329436997955806,0,A
3.2796490036262664,2.6265096039803018,-0.0018400926330745407,-0.7984912991565132,2.0672902314722856,0,A
-0.056009733546172225,3.0401934753034783,-0.7792209979510525,1.2138990786290722,1.7924346191822509,1,A
2.6207262334747425,-1.3905607064378553,-0.9145049798310184,1.4423334148216345,-1.2122115199346382,1,A
2.367548361954384,-1.1095661089204236,0.04420549040206793,3.0507566762241374,-1.3589442649371464,0,A
3.7084966247585056,3.1425102492289976,-0.9243612131752759,-0.9832230583780888,2.4826809017390845,1,D
1.2641461946855919,0.3607943215140031,-0.6360319572785865,1.9140895166264484,-0.15337204778417998,0,A
3.6243399323265235,-3.079673526151421,-1.817466272874578,1.7507268144693409,-2.4038932603866905,1,A
4.388640697434539,2.6795742348373786,-0.2898331139741367,1.2282997571155767,1.7369299689807813,0,C
2.123530168415459,1.2865497808063149,0.10026703007441148,-2.1188023642821365,1.3566798108529103,0,B
-0.42589041061010535,1.6638771025160477,-0.3773860902315197,-0.49079464140229745,1.1705867795225782,0,C
1.9200002451463747,0.6139099447573952,1.9411238688596635,-2.042928750254556,0.8649195652037428,0,A
2.635953184681796,2.884873859244863,0.20211966242168755,0.8802519017944466,1.8730023939568594,1,B
-2.089498729181922,3.4729351711992265,1.0767590992140377,-2.1744491592484527,2.698848049503142,0,A
-0.5308689027446976,1.6352244421419933,-0.6901122246705634,-0.4903478773894667,1.145923799525417,0,A
0.769847901518078,0.6867872945176103,-0.7083683887585188,1.1606110780194374,0.20587064966739002,1,D
0.37716915768753867,0.778508969699672,1.1799589363129457,0.5091351022528469,0.3859862101431127,0,A
2.0472740908767455,0.1429699235982976,-0.7509841737155664,-0.5880102111095061,0.24450730188997896,0,B
0.9470188251341349,-0.08559044714513328,0.7943169480521405,-1.3559914696284738,0.19465229947661938,0,B
3.3229061981892754,1.175817865117479,0.06830319972277335,1.9545974961398542,0.4959405412837775,0,B
2.9431871088082464,-1.6671822710825481,-0.1611732271770584,0.30560488156314347,-1.1563089127694925,1,D
0.6787574289605058,0.9763507597986661,0.1085164957689788,1.1978340215714867,0.39524710882991193,0,A
1.796966161324367,0.13827439433544034,1.4340092791823074,2.5146306314665585,-0.4076099974526957,0,C
-0.07855123605892933,1.999490020331862,-0.37790302720387553,0.6097400754674093,1.1929093378285274,0,D
1.8394989961476464,0.49855365849647393,-1.2774471168866088,-1.0315699305870105,0.5733549333300758,1,B
3.542606254038307,2.8829072605122934,0.9903344587122855,-0.9303574729726352,2.2841522273514667,0,D
0.6634527313019597,0.7032535681342559,0.43874107453016353,0.980005100729692,0.2496900447472671,0,A
0.704583038090909,0.4327171953954372,-0.2592029052693825,0.7805508909737896,0.10464714489395002,0,B
0.44158196995993837,1.1892693237360343,-2.4105392975676545,0.9253563155729053,0.5885503113550394,0,A
0.6054790361185377,0.6174752249316816,-0.3243525224720923,0.7800105799448266,0.22864819581518636,0,C
1.1756057494027712,0.24407281290464222,-0.4208042241702533,1.5862206334329283,-0.17097962796977653,0,D
2.916861256944816,2.6427352298643765,-1.4358941298561239,-0.6680061518838154,2.0355863482915946,1,A
3.2930078366959785,2.0057804221008273,0.9996713812140942,-0.0013558764401049306,1.4729875014368587,0,C
2.176981251230902,0.14327917841757332,0.44328445655650495,3.161582298352566,-0.5201893111135932,0,A
-0.6862905981756038,1.6367344228756278,-0.8969407648753129,-0.7512945708604988,1.1936874360300302,0,B
4.0536246248489425,-3.630684412961841,-0.4761886868570321,3.0831021906707634,-3.0412761857878916,1,B
1.981596501679336,1.5036701025188204,-0.5733233950862009,-1.5834479611116885,1.3911004385635335,1,D
0.2435126313104483,-1.3467836448071433,0.7738606803109878,-3.6897379285808185,-0.23280890276093508,0,C
0.6390264581581147,0.6423336329970649,0.11820838177072686,0.946010789769376,0.2132848344877374,0,B
4.247432563332082,-3.803517304331857,0.1810907117882582,0.6445441944519468,-2.651450760422979,1,A
1.178082032385869,0.8530941378646518,0.4592535495254873,2.0361481063376132,0.15957817363745777,0,A
-0.8843329039295771,1.6772012387477593,0.3208677945705385,-1.204439900796363,1.3061107383527868,0,A
0.9985108675334351,0.48407923969356575,-1.6309823117139928,1.3616183154882777,0.03396892543115789,1,A
2.6059710240619554,1.1725158152226072,0.30198678476401436,-1.96112729683971,1.2665613239207374,0,D
0.33617421267697556,1.725328407561291,-1.0183009945509711,1.1272869834408352,0.9146104511984546,0,B
2.8118669421747566,2.2775726260780678,-0.9767243046676994,0.2699014170243972,1.5845543580982047,1,B
1.7970655852503454,0.14790265927149523,0.30189219136796747,2.554696390584595,-0.40915443891513487,0,A
1.4372589267311753,0.4179616925217902,0.08277071675870162,3.494611506971278,-0.4308242120615336,1,D
0.6157011050573066,1.3511973729842468,0.8808870732599994,1.3981026628246842,0.6115830004496362,0,C
2.6646527523786068,1.9901695450802908,1.9845680656934361,-1.2828870587530896,1.697575776932677,1,A
3.01924954361908,-1.9337083800594261,0.9817149681603577,0.10115636649087745,-1.295985204516488,0,C
0.7865500294173161,0.9610791529360196,0.8011491551649145,1.4809314214053908,0.3312535998713974,0,B
1.436860040313221,0.5227403193420898,0.88270305514099,2.0828953346951664,-0.06791794074645342,0,A
0.12238020922426607,2.2250496412835155,-0.4404598759867646,0.9169666616348003,1.2953443672822504,0,B
1.1998368465481961,-0.609722689647838,-0.5323993081193039,-1.7274321815558666,-0.08172168483422532,0,B
0.8414867142225763,1.5282110821092945,-1.5120628543848098,1.6752002608628023,0.6876053146278889,1,A
1.9425048382791428,2.3171648950097645,0.8677528006052388,1.3228814527386774,1.3569153992634937,0,D
2.278141900937957,1.8758495550258338,-0.43197595725612,2.1011618425299257,0.9054273877996739,1,D
1.8472757757092382,0.6133614133200623,-1.1798383761741513,1.011820672825044,0.2334318583486559,1,C
2.5091163665753604,-1.0287333630739772,-0.39447811870466676,1.1655395304220444,-0.9090235386408835,1,B
4.361320628414739,2.919864148572854,-0.2566865577365944,-0.05850490975292144,2.1670671619059445,0,B
1.0892531007618307,1.102853100195056,-2.1851873263277684,1.7824218808176644,0.3812150176191742,1,C
1.5676327715981317,0.06883116382628848,-1.555877104007674,2.213480983641145,-0.4041460553359625,1,B
1.3204698647402844,0.032028130280189956,1.9740158250937534,-2.483662594927238,0.5247371096135566,0,A
0.2328368466170314,1.7974050112572795,1.6677295679275106,0.9585825797122363,0.9947374466624185,0,B
-0.06892673859444853,2.3787128891835096,-0.026299788285345647,0.7051568470626357,1.4370712009649649,0,D
2.5840298793358087,2.095063295579045,1.3336277448935725,-2.9291027072108315,2.105189021118943,0,B
2.5009248172546394,1.256715464517701,-0.819896614334175,2.078627277986228,0.4900300120877251,0,A
2.7049045407663237,1.3789810451091205,-0.4462239235906917,-1.5499054048440195,1.3298204325566063,1,C
2.2521510305037538,3.108930850035931,-1.5113623102608502,2.9071753878450393,1.5948967270892442,1,A
2.1252105186825396,0.06470496966850145,0.6599441853349071,-1.718415007604848,0.42596914614110093,0,A
1.9991201857797827,3.059113166462543,-0.7929789133795697,1.9573476361865336,1.744262679788191,1,A
2.157921085201238,0.7827021442171475,-1.1721174626270658,-0.23795154394106066,0.6217345833677314,0,B
2.3450089307291178,2.0547244488985226,-1.4974568486568365,-0.4643456690233023,1.5599320673831452,0,C
2.831793097296196,1.2041835825912162,-1.8183608865185124,0.12287703824668972,0.8702629880370911,0,B
0.10271416525036536,1.1371811607812208,0.8393586287556055,0.18350203087791694,0.6897714154256811,0,A
0.8708089798916864,0.743757427371507,-0.8337502887715912,1.3977645477413518,0.20118335518784627,1,D
3.3218772421103298,-2.3458116707586334,0.08536857385956143,-0.09521872122746022,-1.5283276496687757,1,D
1.0139884671265615,0.32825871546634505,-0.624222751667731,1.400883994127123,-0.08161965404040013,1,D
0.3193472080704516,1.696134104553165,-0.5221856232941858,0.8405114640906977,0.9525312257028152,0,A
1.7060538461162718,1.8994253619938506,-0.555720047648785,-1.7496735685428213,1.6878245667328702,0,B
0.7758971567528423,1.2660867815922305,0.40243512487911803,1.5214325758549418,0.5342623936974159,1,D
1.0396617305741143,0.3617390352624315,1.484785186093017,1.4008696424308251,-0.05722383035784322,0,C
1.4290471753933953,0.4915865338987489,-0.5985690859202036,-3.40192053999313,1.0374415022416763,0,A
4.075670073713482,1.8205853975965696,1.23677891270405,2.2350549455164663,0.9195581079510162,0,A
0.5991765168537462,0.4088369480643038,2.0535222979971772,0.6587549926003852,0.10840482271725228,0,B
0.48014432265636686,1.16452583276188,0.6780136636970489,1.034529676123503,0.5506450954574069,1,D
0.16282449754815653,1.3062585243886726,1.4945398008677244,0.51281737286731,0.7421736263567441,0,B
4.865082724788502,-4.7110277403041945,-1.145893338108809,-0.3734895364872677,-3.044912913838023,1,B
4.393242040716352,3.4261958824081753,0.5465362428362721,1.7340549000702152,2.1516619614551544,1,A
1.1825261426557105,0.15616940847658553,0.33108539165027323,1.4886374853196975,-0.21165751745195982,0,C
1.5216881699771556,1.4054841533476725,-2.2633660069771047,0.6418619092289204,0.8450539547510169,0,D
2.542037320492275,1.8560574796976557,0.35386010250857397,1.3785431466638771,1.0519581129636184,0,B
1.4661759664738485,0.5837432386802278,0.23636148937468104,0.5081804205032638,0.2994144757178278,1,C
2.8618209830339683,-1.7180453658834982,0.06754527873751422,0.44130431695957295,-1.2231439664676897,0,D
2.226251119846458,-0.5340679231220719,-1.9142863176411564,0.612253338880957,-0.464382941991164,1,A
1.5821163831388163,1.4086737224942965,-0.6739642207262712,3.0860950900521256,0.3475749075786076,0,B
1.5808225809313394,0.040102056457816414,0.25471147409799166,-0.3935629437893,0.11233893651010535,0,A
-0.9916689896263273,3.3978602367867223,0.7678929728714508,-0.3839948803731954,2.3275827265516402,0,C
3.043596444313372,1.6266954035136127,-1.34737214921165,-0.5645936607619524,1.314401039175837,1,B
0.8764314044599668,0.9476273709424171,-1.2814114864915296,1.3523607582147097,0.35234009703844843,1,C
0.4623905664317307,1.2141061212058804,0.7666503766249455,1.1791396678174773,0.5545619676977503,0,C
1.2227542464137375,-0.25736010389023123,1.3143753422103168,0.6463216061430797,-0.32390695743309805,1,B
4.407449652954643,-3.9810485885743505,-0.1960927334509885,0.14508947928871152,-2.664953095771629,0,D
4.625046669043785,0.7868149173922336,1.8054469634573664,0.7695273562430317,0.527354352487749,1,B
4.550915744072475,-3.7948083087403077,-0.835402962676013,-1.9516238905653558,-2.0982786600339005,0,A
2.131956439025025,0.2119940886387757,0.6259799746326785,-1.356347687312637,0.45413321450175814,0,C
4.313916083497571,3.0997803581835828,-0.5718284454553145,0.22214914969576327,2.2322113094474596,0,C
2.0718961194514853,0.5662138373774197,0.09535272497795476,3.2068214878751027,-0.24046608723791343,0,B
3.0234311540280148,1.0758885078954654,-0.9019411466683482,2.1131920987755892,0.38061588753467357,1,D
1.872704637762711,0.7271207991958818,0.302887102169453,-2.7723542719980583,1.0913564759499677,0,D
4.309756252705498,-3.924972689748831,-0.40331775816273646,1.6529160206866482,-2.9402781239048488,1,A
0.2502012455398104,1.144771142353666,-2.2292984170986334,0.42049576547942114,0.6528971000547735,0,D
3.5489082754325585,1.9184673918015565,-1.8251126372727693,1.31552523201066,1.1530774526965772,0,A
0.011773758649103128,1.2702261372290058,0.1763120150723232,0.11817612762500784,0.7915405665554748,0,A
1.0004603749768046,0.8051320112307596,1.6600573127064466,-2.8490884767090385,1.1224685287661935,0,A
0.07082662129553974,1.2742562541328926,1.7674605624399284,0.2361945635180952,0.7727109770064156,0,D
2.581579828693374,-1.2957561790972731,1.4221827800978433,1.1277527642965974,-1.0834604184718595,1,C
1.5244922271170416,-0.47782998619279426,0.1583643032842339,-0.877844023057133,-0.15030004141853393,0,A
1.327982966202351,0.4721609372614393,0.40505253427570054,2.029116781278948,-0.09683575123058831,0,B
0.7519053958133843,0.6991768026926836,-0.6555048399378685,1.0312050930254004,0.24027344911441378,0,C
1.379755601294789,-0.041640699670200655,-2.2233756789259234,-1.2332059998780007,0.2192013237580981,1,A
2.5597587967712006,0.12527337184789836,1.2624278343511033,-0.6968751033681473,0.2774106246967039,0,D
2.7300518413719086,2.2550979078820803,0.059204127789601754,-1.5463955859899596,1.9386238335713313,0,D
3.7204980217415016,2.841235340279525,-1.7462195983564017,-0.9378969898732543,2.264683463295906,1,B
2.534970963468697,-1.3143121376179825,0.1993531467291899,1.7108907420483717,-1.2182787693693078,1,D
1.2214857505083163,0.9877946713171601,-0.9715186747232608,2.1370928477811075,0.2343031298462437,0,B
1.4440715567566165,0.5534218659325598,0.7754377215586953,2.207890102205464,-0.0719818230058009,0,D
3.035825378581932,0.19615329550758778,0.898775532819291,-0.06351826307927966,0.2176478343382307,1,C
1.3600229291517185,1.0360600792124761,-0.24968754723884434,2.2918320896707316,0.24218322235287737,1,C
0.605228350910082,-0.8413438444645661,0.9609321474656302,-3.3279821374031666,0.05993486121504928,0,A
3.0264305458907543,-1.9331163623803191,-1.5513753176299747,0.5688606682590553,-1.39138568019483,1,D
2.8718071093646333,2.101119125846206,-0.7914251475291852,-1.7980444635802524,1.8897304421969328,0,B
0.27105397516778496,1.3586128344900543,-0.9937655947182114,0.8041918997846152,0.7234600249315493,0,A
2.524334323142541,-1.1418499107630193,-1.5170846998101601,1.275252148237975,-1.0094481576531829,1,A
2.4324651097260146,2.1600611029907917,1.2992461807726332,-2.1661177636445315,1.9867549663962223,0,B
0.49444086693487055,1.0122446803403833,1.2962525353676368,0.8160030621457912,0.49044806745060276,0,B
2.9800497553707874,-1.8652698433150074,-1.910074139225018,-0.5440893325298841,-1.1175814762567862,1,C
1.1333933248284886,0.5538446027268223,-1.581589824338156,2.469583168811414,-0.13930808158728145,1,D
1.7796743025163448,1.6861014225164146,-1.2542501420296088,0.26965428000354985,1.1279130020598644,0,A
-1.2755079649715646,1.9487952182659305,0.000409370457797618,-1.5631163136345498,1.5510210430819307,0,C
1.7281112179596483,0.381657400241824,-1.8074987871364794,2.7447093925319326,-0.288952179044635,1,A
0.9165047366352993,1.006364354038627,-1.4708749387680533,1.540169787116204,0.35631115237490296,1,D
1.0277002225624143,0.5619277366970302,-0.4170618476838248,-2.6939115389341,0.9228971433529309,0,D
-1.2932960487650318,1.6380550083053766,-0.670707956374473,-1.7983404306713853,1.3827882137598249,0,B
3.8119186150544984,2.5194989792208977,1.9720690252151987,-0.7806554948809673,2.013009799598406,0,C
-1.4322243904526797,2.8155234264874185,-0.8058987314088121,-1.410893680858274,2.1146416138456714,0,B
3.0685314972867497,1.6350149341878313,1.382783688904993,-0.898397990981813,1.3898982268307654,0,B
2.804047577052022,1.2191027202199027,-0.08564296105808329,-1.534506884334877,1.2200444928452205,0,D
1.2505613309755517,0.7204953731677242,-0.8396170448801469,0.4557188829907537,0.3955632245436604,1,B
5.17921200904747,2.5971118304447836,-1.7428610336485582,1.48109338774329,1.6629036617274686,0,B
4.410252088202429,-4.151262657039049,-2.029174594499411,1.7302657770950147,-3.1088457004377674,1,B
4.1225142267082715,1.8809685968893757,-1.1505827505945518,0.6623028650885772,1.286837110494716,1,D
3.4802902945887526,3.8734061325578497,-0.36547620681045206,2.0585734648289433,2.35487303537939,1,B
4.127281282127373,2.3168970397646875,-0.7094774338452856,0.05447589082612048,1.7147047388974148,0,A
2.8780113457431686,0.8044683708828508,0.6241604351538355,1.2794697338304302,0.3570204307319195,1,C
1.5849490391463048,-0.03926025282509853,-1.0561159760990082,1.9348562714920896,-0.4211693120729078,1,D
1.5619594478405707,0.07719098249590299,-1.0063868247449963,2.0396185625385455,-0.3628578543881093,1,A
-0.9209953935773694,1.5898053156134573,1.3867997809979296,-1.174217786961178,1.2375759779310567,0,A
0.63152771826878,0.6225911597119671,0.4856528926996721,0.9002570714158504,0.20864529563730114,0,A
0.4007281990932088,1.41299508554844,0.1231372975861843,0.7822804759735758,0.7715018058111702,0,B
1.8785662809247965,-0.23111944057591532,-0.0940836808407276,0.18211783004586246,-0.18107516453586167,1,B
4.573888649107721,1.33480497435211,0.22935835793930404,-0.19670017530811856,1.1042166635625792,1,C
2.463121058795683,0.9366940336187484,-1.5973898981079113,1.0076099008617463,0.4862486648074843,1,C
1.1627043298718125,-1.254783726736606,1.5266571176035166,-1.1897170158837198,-0.6418483342393433,0,C
1.4144946247977161,0.391015923739769,1.883470230872678,1.973282967303077,-0.13785798229115703,0,B
0.7397596979117091,0.6805352002904587,0.0931159332028528,1.1527170549401204,0.20181194554183446,0,D
2.3149146058569476,1.1853907654472515,-0.8560221047905449,-0.46907244885024413,0.9558690204799873,0,B
1.5522441587465572,-0.11142906860134118,-1.6781728196727297,2.1591746396816696,-0.51884793344555,1,D
2.997974588649232,0.8568812303381854,-0.5209164419496647,0.14451467050662825,0.6320357158767858,0,C
1.6573974819476076,0.1264241488402045,-1.929077448800184,-0.9158541110304366,0.2830441412167942,1,A
3.8692384366096055,3.4063780699021544,0.08759035980596896,-2.0233728742328982,2.8868670448334717,1,C
2.041536748195522,-0.49841289859892735,0.310796827474066,2.616627551780673,-0.8598229270752299,0,B
1.089237308443897,1.291452671229597,-0.156587701542822,2.133884096959962,0.439945181212685,0,C
1.7239116480431846,0.02103253952508104,-1.2860702305030862,-2.602842488292712,0.5595592090182234,1,A
-0.7539525073405993,1.4299465296906078,0.22857034718290037,-1.0548488126956874,1.1094666495758252,1,A
3.105965289316628,2.240265378478188,-1.0081080306329406,-1.9181765548543317,2.0214751148416648,1,D
2.0132244654512865,1.589023808631411,-1.2897836932002245,-2.198993342583059,1.578299411751488,0,A
-1.6885081100520352,2.7939768488341907,-0.8485679726008809,-1.8016111905943966,2.1685764060968102,0,D
1.5456846925966472,0.026612040934752335,0.43098526257157116,-2.123980310531527,0.4570742397139731,0,A
1.0133496703089628,1.0882059912493796,0.008783835810678707,1.7881492295992452,0.3664870611225561,0,C
3.549339300980054,2.7962716976487334,-2.536229857237486,0.7763213777283321,1.8735008948195082,1,C
4.098206776595923,1.14472504565951,-0.6548332037989646,-0.2355456381376555,0.9590250097174948,1,B
0.29940660538395547,1.3298948907060486,0.8704528532564642,0.7018959658029844,0.7258053731589428,1,B
1.5911160764765555,1.2513446747605907,-0.053707838127300137,-1.7435704927880196,1.2314038009318196,0,A
2.4256479202355576,1.3408854139741622,1.838552647651089,-1.025188725511128,1.1830831326531055,0,A
3.563469818553024,-2.8895289406692,-0.30403364769310137,1.9771934430609979,-2.3211080763107814,1,B
0.5476782193905086,1.13183213330074,0.7617040782719338,1.1432173198667874,0.5086086689283834,0,C
3.933269223204044,2.332379414591624,0.13114253325631875,1.5752870443882436,1.4042331253874472,0,D
3.0142446538079795,-1.887469972477667,1.0868057327014167,-1.1754095095254704,-1.0017149150546079,1,D
3.4373557418112597,1.6069865176794207,-0.34299420766317223,0.334062640526674,1.1335366008173378,1,C
1.2483292731472504,-0.17090830125121306,-1.5220435971943649,1.6248383900273415,-0.4638562623144488,0,C
3.407380642582675,-2.7377270050485842,0.17642076486068514,1.4602066920490957,-2.11638021261431,1,C
1.3511148592936797,0.6902925343227071,1.274815698575836,1.8527655086314865,0.09191907528825445,1,A
3.016849769394338,-1.9349426541011547,1.2916152883590966,-0.6669348210125741,-1.1390767589757131,0,D
1.9717407329266814,0.9964834706526121,-1.2315206142735793,-0.42269590980184724,0.7998746937218559,0,C
2.268553596934354,0.25946861240970903,0.2665361822026496,-1.1322163035372625,0.44711495253865813,0,B
3.7603099801326505,3.456676729468112,0.01939370443429169,-0.8795112325668404,2.681838753057737,0,A
-0.6154927092740672,2.645901526447695,-0.4685633040803786,-0.2175160309792723,1.787927146288223,0,B
3.149935726957683,-2.1311861442541904,-2.5642202082091723,1.2439516249542417,-1.6621907049877345,1,B
2.1263597365988307,-0.5093614076660862,1.0131507966635602,2.742715267129719,-0.8895654117149118,0,D
0.5034184599936488,1.5850137886762092,0.5839209861011146,1.3327622737476006,0.7823840450592143,0,B
3.013505420486291,1.8914831232568778,1.668374402893877,-0.7579276882445138,1.5366765176198338,0,B
3.5948338647140305,2.055073751136624,0.01858244012442778,0.6413878825211177,1.388547464725526,1,D
1.168041065713066,2.198117719449786,-0.5695690637628776,-0.6991317212131087,1.655366715177907,0,A
2.2603339032479104,0.3968850311455977,0.7608635739505726,1.3227029605821423,0.03759488013449677,0,B
1.1199318676393015,0.7076912445971312,0.7726834599080632,1.7321224881821538,0.11850557054549983,0,A
-1.9623310323922896,4.093341829402697,0.279905350264037,-1.4109121200215404,2.978404751687183,0,C
-0.3110871528810708,2.795308197493654,-0.6563020413979372,0.4786058602592387,1.762152779933512,0,D
3.301842685464718,1.5107640767740236,-1.8598651425642039,0.028394761083456066,1.1235098234771541,0,A
3.6469365490855257,2.4589950264153044,-0.5721218014761926,1.082161392609553,1.580767770248275,0,D
2.934970366654253,-0.12000020980744619,-0.7599818006213511,2.4402334130290413,-0.5210077395718675,1,A
1.5678091270309336,0.12560845919268768,-2.4346253220097562,3.8688181410872353,-0.7049458542149099,1,D
0.2083231629939537,0.9163899826270454,0.9164651463980479,0.24984704154949655,0.5275119290361112,0,C
0.7529642056594732,0.8438099371596853,-2.043784258591881,1.1259551076223198,0.32128394658276765,1,D
3.7303591793232087,2.951114706204041,1.4018189761775826,0.09120146503013915,2.1299069630727927,0,A
3.540337205608007,2.3720854708083507,-0.5208151224841494,0.3275276821697768,1.6707752713886883,1,D
2.2152038508052807,0.1688595930811597,-1.36423506115887,-0.46801379754651684,0.2452985121204457,0,C
3.5307919338998843,3.057570890117917,-0.6924992406190101,-0.0364716223520678,2.2211905068036915,0,B
1.4940286614994125,0.3117452097548858,-2.0587601963459137,-1.9223100272863785,0.6113295417557091,1,D
1.085024776167954,1.4195675976833375,-0.7324194114756445,2.1501960280262606,0.5253722449213882,1,A
2.8247484551875774,1.4693159812467846,-1.4250190070251643,1.8753019528694668,0.6938752555030476,1,D
0.22681340838012343,1.3767735185437129,-0.3469033714634478,0.5765247941541987,0.780896157230301,0,A
1.7589906229833638,0.8181919532494695,0.33954958386559303,-2.7346893178757625,1.1417950743159158,0,C
1.1396156652550242,-0.3723667140771204,0.11743834469748345,-1.4927249999581944,0.03218382643510959,0,B
2.985057069576115,0.8359993507156943,0.5233711342977878,-0.6463775673102635,0.7795184321169618,1,A
3.9898048713814616,2.2736542144063283,-2.1850487702843804,1.8302480764688895,1.313565055972039,1,A
3.3436475626399815,2.70391139286589,-0.8847425244847781,-0.45105551810820244,2.0524784777915595,0,A
-0.04934753250927093,1.879053225472643,-1.2383035845599548,0.5385383296150025,1.1252088443975647,0,B
1.8478242520436172,1.0495981257890765,1.7029354019566791,1.2015554105667132,0.49739600376301857,0,B
1.3573719073813073,-0.14730556443887116,-0.22121867365840509,-1.8751062192095613,0.2767628033598381,0,B
1.92669599571595,1.3189696859101687,-0.9665650115316561,-1.4149482095372405,1.2257607677797364,0,A
3.0838947721660257,0.8859998242648148,0.5455877719090181,0.19444224293596402,0.6458198839578343,0,A
2.1392140823653802,1.186076448695069,-0.41432836763990627,0.8003298735492396,0.6876115620438488,1,C
1.6768408999425781,-0.3687667874854469,-1.2097497712012388,3.471635232755328,-0.961766102920619,1,A
2.35472807149805,-1.4496065613795013,0.23373791413354916,2.5834122538833766,-1.4995933134263046,0,D
3.1420731568933227,1.5482366157980871,-0.5606299953619205,0.7703524285973,0.9899179215932848,1,D
1.9872560609464256,1.5515722274813053,1.8500134525728094,0.7329054375570189,0.9485171692619102,0,C
-1.1575702926014215,2.4274328712525812,-0.18765449721335725,-0.9459879657862809,1.7618102568307763,1,B
3.1706944756583706,2.5108201341594474,0.24923584888754005,-1.9572600338828472,2.2202724879837334,0,D
0.5827273791767772,2.5753885316892497,0.39267934428676354,1.8901238276426438,1.3591054053417053,0,A
0.4607059668402482,1.0294154420108266,0.46959433367805664,0.8486162208159487,0.4941668414911367,0,A
2.1504217331053166,1.9178621628371983,-0.04152311284457684,-2.814211759091835,1.9392152438948589,0,A
3.925415674540476,2.297128876300589,0.4153258627229035,0.24903545536169758,1.652000238974682,0,C
1.484979230485961,-0.2968254800330361,-0.3049372679655034,1.76978529317328,-0.5705536469885083,1,A
0.8752470725116801,0.6562745260074673,2.6552570044827144,1.3431854878053413,0.15184796086288443,0,B
1.9853088564850991,1.2553996258924252,1.110648641027699,-3.363950492745667,1.5848203379083157,0,D
2.9718167310441332,-1.258991460708402,-0.9508042549796523,1.609664041461123,-1.1396072952194396,1,D
0.11085366762802318,1.1176231033271324,-0.01979136274720561,0.2631739287960554,0.66017636651119,1,B
1.7470091176482776,0.08751744071734495,-1.375029534685076,2.600739564287545,-0.4627802072544431,0,A
3.0304540449610626,1.7954327138240718,-2.2658586628422963,1.3073702143541355,1.046231939672624,1,D
2.874919965338048,-1.987745747988817,0.8346172441690309,2.8039130578287903,-1.8954572176843274,1,B
2.5659289800351974,1.5005338689542165,-0.6573995227117323,-1.4078970206819705,1.378855253205015,0,A
1.9645942337047777,0.5515719372979263,-0.336254465875202,-1.1161378615282769,0.6331239958860903,0,A
3.008105821044306,0.45803193872593867,-0.6083227121039058,2.185881382771159,-0.0640673935055581,1,D
3.8566123943196837,2.9382452459722574,-0.5613334341199261,-0.06255667618159144,2.158194164142579,0,C
2.4011263198258854,0.8511572681710947,2.851698238345387,-1.7516016298683996,0.9912135045141733,0,D
-0.6197851745075558,2.5601030705819907,-1.1965513105632377,-0.15742693817978481,1.7158040577869142,1,D
-1.9383976325850893,3.558048279127591,0.363809617387816,-1.9197891457651086,2.71233821586668,0,B
3.0144928113048337,1.2240150483297685,-1.9853182423847497,-1.1160051070939025,1.1468067869558676,0,B
0.7964255591768313,0.10879975712067935,1.3353635374911728,0.9005485911780917,-0.1408673094647957,0,B
2.408907922190811,-1.293911131639548,-1.3822295372349729,2.182911746861506,-1.3067426553402375,1,B
1.886259355817403,-0.31332024744367953,-1.879089195736475,2.199367605898547,-0.6524384322761027,1,B
2.529670618577873,2.2114130692580716,1.096943640296546,-1.8663096405319668,1.9651210726621473,0,C
2.5389063593052468,2.143643991832471,-0.6508261853902467,0.6419547270933859,1.4029259028303005,1,C
1.8529143237029966,-0.3994944761670561,-2.9856823832609534,2.0778677351268002,-0.6887923809032113,0,D
1.5041503252989945,-0.2712244045676723,-1.7867737039299085,-1.3265983391680412,0.08450456898461012,0,B
1.5777753890354984,0.15236022171704366,0.24454126202609414,2.1915198315654383,-0.3411752220502121,0,C
2.489089413579899,1.6929789126688912,0.48224008613290525,-1.183058568265626,1.4628616262429706,1,C
2.726309682940147,-0.19579261658714023,-0.4522424623884518,-0.37903050907417635,-0.0034627544738761304,0,B
4.266180329227131,3.3262868931026595,-1.0387579780057072,0.2503675041212128,2.3815798988238037,0,C
0.8162820094828543,0.930121094207882,0.7370623221777911,1.507717085892001,0.3055734922904153,0,A
1.9448885439208774,-0.4916419515153049,-1.4855778103407296,1.9240996445233134,-0.7170826170791259,1,B
3.2811870236802667,1.1074560262042756,0.5026177852421991,1.4245612092138709,0.5555533059795265,1,A
3.497558910151203,2.4581935545276985,0.9153772709378668,-0.11077206874706724,1.8187546256229337,0,B
-0.6619899955183577,1.6311814172669266,1.638763842732893,-0.7117263454896365,1.1827803357431197,0,B
1.6556233070390753,0.5616530114042148,-0.0940400211766658,2.4303104615005795,-0.10256326079620647,0,C
1.2125563762645957,0.4030138880590522,-0.6103870092832128,-1.7737163990344624,0.6316363699575661,0,D
3.1239960298196636,-1.9520052076868275,0.74436790148859,1.0399480919580084,-1.4969856575904836,1,C
3.2567338305802367,-2.0403121267051425,-3.6323697173168776,0.6544366934931318,-1.4731618339159944,1,C
3.1259532219988433,-2.2457987624442923,-0.5076887385797568,4.386380001485646,-2.3887397337230247,1,B
0.1462005535639188,2.353437147005582,-0.6007657366927919,1.1247769575091167,1.342848467368221,0,C
2.37179102731302,3.3300242061778444,-1.4930629228133365,0.27810164458951436,2.294134171596322,1,A
1.9522154401755702,0.6837042075351405,-0.4951913542501932,1.718030818458273,0.14179885917311988,1,A
-0.3912365569959757,-1.0278649724220428,-0.42023455289747996,-3.3444173434640563,-0.1105775334758021,1,B
2.9757258228162264,0.10564154327978952,-1.3704840395412146,1.4425530642527207,-0.15743813235479387,1,B
2.5457116691779262,1.844518089207957,0.23001261318827818,-0.3156939404291068,1.3923395210922132,0,A
0.6615793350099661,1.7835310926443433,0.9546936431074309,1.5639170132906446,0.8797714770061051,0,A
1.394971766031345,-0.41632353093262303,1.1659549409333247,1.5961979774906117,-0.6218654872839008,0,A
1.9625295249884243,0.3048364104983162,-1.6509343666757363,-0.857006421888364,0.40842904783489903,0,D
-0.10842587131875403,1.5823247082296843,0.6738915433268867,0.0839966898344996,1.0099461371122893,0,B
3.068704017489737,1.8196854082179827,0.8742753877216872,-0.81703221319399,1.501423527476259,0,B
-0.24235120585630687,1.609149279165826,0.6320098523323316,-0.1550730450732789,1.0717495673388093,0,A
0.8278107137919538,1.2465764266920862,-0.45803338321812814,1.6588183482612702,0.4947869167788764,0,C
3.6549999388551377,-2.7896809083357152,-0.6462025920819492,-0.07463679510749599,-1.825964814824025,1,A
3.3783074306647345,-2.508565926972918,-4.009156178541433,-0.6805107554366949,-1.5185372514917355,1,A
3.3177896990262745,1.4219124157751881,-2.065837454183856,-0.4006331522189782,1.1507000110880445,1,B
1.5108469860813278,0.302972999199068,0.25224043185174616,0.2497195814524238,0.15955061087047182,1,A
1.8964982081775597,0.48511557051415055,0.5450224189955655,-1.1903250363039926,0.5991910534900272,0,A
-0.6256571690244983,2.326795739333021,-1.6539108537553882,-0.25956843895521553,1.5745201424278206,0,A
1.0263387720002128,0.8604735533671483,0.8810354364158943,3.3434652584721634,-0.11075728488161814,1,A
2.935311614226473,-1.6579196627064092,-0.7304227896133411,0.3884086002061058,-1.167246633511176,1,A
3.0808062706418586,1.3733356048491148,1.396214227345712,0.12087232891108757,0.9992263062766715,0,B
2.1628170650839276,1.5004223197826134,-0.4691767827293398,1.8106331276605303,0.6992984694201065,1,D
0.8746455974117935,-0.9201631877030922,2.427221906715276,-3.0704740061522973,-0.03573303088352352,0,B
2.0128380364113116,1.3122731184221326,-0.5276453655857104,-2.5679982832632398,1.4619419263288929,1,B
0.2751291242556104,2.1374374990189726,1.2873663770568746,1.3271875272260796,1.15698787042914,0,A
0.657450050714095,0.01659480813258338,0.24624517709035615,-3.0073043630530036,0.5921298179032395,0,D
2.2089300874709252,1.6085883607651934,-0.02375388682641443,-0.9607443179531885,1.3460907563318096,0,B
2.4600609355805187,1.3498680180867009,-1.541402793770533,-1.753270019220874,1.3405018976181255,0,A
0.5864269184509879,0.7595850304071715,-0.27801216000971163,0.8864906961298853,0.30460005529598005,0,C
2.074428974052285,0.41081064172573734,1.3968101094211127,-1.1775306839002782,0.5528831640090465,0,A
2.689373181564021,1.250964437257096,1.1452836475137809,0.09874046541499037,0.9013694808454521,0,B
3.357754306524971,2.3996284378199184,-0.9524685688944544,-1.204714398155079,1.996708152436544,0,B
0.5100069751900655,1.5404788035505936,-1.5171431292715987,1.2220036210066132,0.7745159538939771,0,D
3.567339600686712,1.8937370476661535,-0.16850829629437614,-0.6710416565989514,1.5450406813039126,0,B
3.1930429937596827,-2.308665545222219,-1.565937220988087,1.777387338430352,-1.8931608646613483,0,C
-0.41006403066912145,1.4629957644037361,-1.651018200802158,-0.3898879790450378,1.0110523701061704,1,D
1.2247205337303961,0.6345568534682727,-1.0985635180711932,-1.8639310636766995,0.811511807150988,1,A
3.645849611966812,1.99415109452669,-0.02076887010196503,-0.6491915371658958,1.6137759168659773,0,A
1.5047701880898385,0.15749398863820668,-1.819773039069399,-0.32192530240879047,0.1757496179511922,1,B
3.8174686101353075,1.1776408255928985,-0.8960686590397208,-0.08164281622409353,0.9377510489863242,0,B
-0.9014516287324037,1.6860232561694055,0.7546441845867042,-1.153222432405264,1.300947730551976,0,B
1.8864085880899926,0.0680031245745147,-3.2321323509249735,2.637590560922731,-0.47769967172664946,1,D
1.6834583646135757,0.36422956589503924,-1.93089099877558,0.30159641255535063,0.19911142908618715,1,C
1.6305516829462663,0.40463406166074983,-1.8781349301455101,0.5047595245935772,0.1830563395430787,1,C
2.356259438150852,0.030387062719157896,-1.7871759905188878,3.4774126425993575,-0.655519062597389,1,B
2.798959245368807,-0.9862415649484074,0.7722837799473553,3.839867924097133,-1.416289410440267,0,D
3.7205363768843567,2.44600663068116,-0.7339262802760617,-0.24801634511266535,1.8484278519363988,1,D
1.8804851411139865,-0.27355533225233636,0.4132123717316573,-0.7240488151834479,-0.02420640627448826,0,D
3.92081406827373,2.5955821103702372,-0.47457331385383333,-0.29352942876149957,1.9705694424089815,0,A
2.062592537957108,0.8340335401759167,0.34738431009574766,-2.0283802123773693,1.0211389458814868,0,C
0.36853016627322344,1.089210559620752,0.6877764263628892,0.691738159479984,0.56383131399469,0,A
3.3234462957999127,-2.538060069255235,-1.0467323495880554,1.7698610160105441,-2.0451075195729342,1,A
2.102545077761651,2.076327458851475,-1.3111187845293202,2.6267586805505383,0.9287977872788411,1,A
2.9812742898977076,1.7482941062444948,1.6290679064077351,0.25138194762634414,1.2283541282229553,0,C
2.1548403592269576,0.17294632861506787,-0.7385502300635509,1.5033583611271988,-0.15974410641940764,1,C
1.669150278260855,0.421148386081717,1.604210118184508,2.6490645567490914,-0.24449460865508,0,A
1.891752063216499,1.5847461060514758,-0.2723749597514881,-1.7446740616431762,1.4765405640161975,1,B
1.8531593671423328,1.1872488610646308,-0.4371801517052772,-1.757712009626253,1.2014666241839196,1,B
1.166668227487638,0.6402750113437179,-1.4882879084253915,1.897595612902479,0.03975909841019296,1,B
4.217404468901163,3.741042485778978,0.3223651780824026,0.5621340457607062,2.6033485960334737,1,A
2.170102005130933,0.7481389870274215,-0.14860897736033524,-0.5037849394690734,0.6529140978346732,0,B
3.5597714787732246,1.2896456987162508,-0.6003182154901623,-0.1097209515017169,1.0098291646389876,0,C
1.22867750188023,-0.17238089874428358,-3.0394638043504827,1.4882132831094992,-0.4376720686674,1,A
2.5102511614506633,2.0656530521023524,0.7721470839367438,-1.6916883231291768,1.827144376693635,0,A
1.6138364431081276,1.1942565558522333,-0.7365335554342322,-0.6446528026653247,0.9669013842257841,1,B
3.478488852221902,-2.61798571228146,0.11216608484148005,1.8325237351544097,-2.1065875109984256,1,D
1.8194922506052307,0.13589983901078811,-1.7633056120622355,2.5708735206252555,-0.41981616532262017,0,C
-0.03718961442773416,1.5858449060795365,-0.14492336602636252,0.22591954878420328,0.9863915803236205,0,C
1.1015844765444611,0.7541080383164479,0.24238823545808832,1.8993110281346046,0.11555841174619132,0,B
3.276997459518853,-0.2819317985663584,0.019591305970261284,0.7785843497420106,-0.2766979719090641,0,B
1.1809789036286698,0.5716825558997556,-1.9348115349850477,1.6761197968683623,0.038285139386504435,0,A
-1.4443549841742382,3.088378686526404,-1.5064072868940561,-1.3144752980336265,2.283763773863259,0,C
-0.5820167186924241,1.6621348884670117,0.9770816981205126,-0.5781514683907416,1.1803811887599234,0,D
0.0628213439396883,1.5782854668595174,-0.9999377499700961,0.3390821851963439,0.9623353711450569,0,C
4.205405259052663,3.086928798610479,0.21555418365701165,0.6455183084176803,2.131436996567742,0,D
3.1937257572810327,1.8361721548652947,-1.52529672695147,-0.6602952086983762,1.4862230997808996,0,C
2.3992583949738506,1.5376962785281163,-0.6662538770942539,-2.6136084275893214,1.6450619708812793,0,A
3.0689964559083727,-1.5150072895179387,0.24447256965506575,3.9686125516491653,-1.7979218295176533,0,D
3.9913413608904706,3.1831651156495155,-0.06345643346327082,-0.5250602942076101,2.429335477245589,0,A
3.6687476435291955,1.4170299295647095,-0.6532774278734745,0.10457699931802988,1.0590943377791908,0,B
1.4662589942272484,-0.046026561874914496,-0.6988462840970134,1.9773747868515525,-0.43989149432010927,0,A
1.872820975983926,1.0453457772476693,1.170758469635428,-2.5494983535875946,1.2665423557788273,0,A
-2.110214557299427,3.7371859316308944,-0.7408684414812482,-2.089367317742724,2.8639428252955303,0,B
1.9506700880779104,1.8381226253024487,-2.8781278531306533,2.7366951003334004,0.7340224379141616,1,A
2.2592481959164554,0.5513947483370464,0.37975712971530573,-0.5468148426647916,0.5291014450977163,1,B
3.467317689453079,2.6362183543281072,-0.8982189932949929,0.7230392493942879,1.7696542634899515,0,B
0.089088258432513,2.059398332605841,-1.2227975762713355,0.791503161530221,1.2046158854274192,0,A
2.8515024533386715,-1.9312853803371721,-2.321712095592736,2.0347753315265837,-1.6992042915270478,1,A
2.7820514573602653,0.3530581344481308,-0.7753047543715182,0.05408226447610065,0.2911380804740425,0,B
2.7334132821082937,1.1886497880057771,0.14757096829135838,-0.6453235938411664,1.0129907046493656,0,B
2.15331356864665,-0.8254853649283884,0.7829945321210237,1.2410206521096152,-0.7992363233062645,1,C
1.1597439699649073,0.07320747735603814,-1.1312392583750694,1.39596862785098,-0.25123635289313156,0,C
1.8452058947664098,0.8330992686291033,-3.5558219867353573,-1.3662748371492306,0.8747235980290919,1,D
1.0065715961910717,0.5772523111015592,0.7409243298476755,-3.249258029012558,1.0467435287157494,0,C
-0.7731818627664921,2.023801032018302,-1.045345736939338,-0.7418156906503837,1.4566628104764328,0,B
3.033796119203111,-2.2254611136442546,-2.702150755979127,1.4983816504773815,-1.7851243162010182,1,C
1.0475543380390773,0.3521658363962793,-1.4201479645847743,1.5811360453533216,-0.10057210391419638,1,A
3.343139434018856,-2.469955378102077,0.2747119946188243,2.2935632936697576,-2.104577599794522,0,B
2.927368404001766,0.5233634149504259,-1.474308510235168,-0.6705563914795623,0.5648147624956185,1,C
3.671511987209142,-2.770525095806622,-1.618707610784218,0.23816486941166592,-1.8762200574181738,1,B
0.5121827002328359,1.1263415596604522,1.0476412335246486,0.9893824810562664,0.5348345248699619,0,C
1.5983291486348725,0.21779491131652992,-0.31756101687503685,0.6702877182423961,0.01785188154243434,1,D
3.718618332471179,3.0789452037576943,-1.1008613965493605,-1.0460878677147465,2.4519109596890005,0,D
0.16407867911143859,0.9538263498890532,-1.3533551218184825,0.257734535409161,0.5499180050340616,0,D
3.836606744121196,1.970307795249046,-1.0499324446722447,-0.346689559587511,1.5435352300316012,0,B
1.9050176967903796,-0.37491197766952034,-0.828941432905025,2.575525691092717,-0.7716896866033853,0,B
1.9363281478938899,-0.20029979405499912,-0.04478381631182826,2.6546829980479227,-0.6653089772805919,1,B
-0.8508485239646113,2.6246397854309724,0.5923144755431741,-0.41000201339766185,1.8022472395461933,0,B
0.9948838953973971,-0.6520014083833386,0.14682675979738444,-1.655936617914918,-0.13490132318534842,0,C
2.992483941495137,1.7206825682149716,2.0177828344783357,-1.357812051655616,1.5404303345932207,0,C
4.002252330175004,-3.849695960316436,1.030002247498792,1.8423471117245498,-2.940629283927496,1,C
3.0933979857506104,1.212994870709513,-1.6890917072831297,2.1387492097641805,0.4736892265830049,1,B
3.320691100553244,1.7341607118909987,-0.28123435312784684,1.4292631646332363,0.9915505978698037,1,A
2.600874288222385,0.8762688073619521,-1.2196550520347962,0.6998148969698248,0.5136840521843534,1,B
1.9842930061170803,-0.7199791921353056,0.5946281853898243,2.3927459683548706,-0.9702183139895872,1,A
0.23339393816298593,0.9079538918862065,1.4117948748252502,0.41651819735924156,0.48851244403645644,0,D
1.726653299532472,-0.020070974547514008,-0.7827558823843271,0.0700783379556531,-0.01825087824895739,0,B
1.2403154129808822,1.004020665481175,2.0966833520339727,-2.0577783088696746,1.108617388619706,0,A
2.9272246409078635,-0.12123149812143827,0.6619805947520274,-0.6413811423297466,0.11118318776163451,0,A
-0.39370393072870247,1.820558506566337,-0.3688625205384784,-0.27843264046290717,1.2371760403578884,1,C
2.41585670137238,0.26624859770336445,0.3049742662375773,-0.9824119922676017,0.42759075186202655,0,C
0.15698028833647681,-0.7857660509929174,0.01909662282502611,-3.8968604775441356,0.1954998654424428,1,B
0.22212229596953792,0.606876774162946,0.13213693134763968,0.0801214133674778,0.3480750044458343,0,A
2.988806989259084,-1.5331268668611437,-1.0107940665189559,-1.0849834712991613,-0.7753656252322495,1,B
0.89973158379214,0.7409777251694737,3.0281670542566115,1.4344950552755795,0.19299116865771068,0,B
3.3950827703076674,2.1450298007779818,-0.49451306554996244,0.1851173827181425,1.5359040323714512,1,C
1.0917395626601674,1.2921251844425024,-0.6622903871953256,1.9636793162087107,0.47550725765134216,0,C
3.6991251530782465,0.7235923806671419,-0.783557196511777,1.1042282344010357,0.37343332673017887,0,B
1.1316091833878554,0.5075886307028289,0.11008540887783788,-3.1173554837481605,0.9768224736370946,0,A
-1.0031223449424793,2.2175812049859025,0.42362490711547374,-0.9285911377495522,1.6193826519650796,0,D
1.993113836655926,0.7061627817307953,-0.5584137451536249,-1.5644803923875459,0.8338985497617373,0,B
0.7489237179661485,1.4727751544680938,-1.6056488463422074,1.4607354948085574,0.6890685013849968,0,C
2.3644660976743213,-1.0033934078914868,0.14885781389269512,2.9351871880749485,-1.2615975787120206,0,A
-0.5508848068868346,1.4957461634871796,-2.7747746694813338,-0.6858295793612383,1.0883532674044716,0,B
1.1811100667524124,0.05595812822833657,-0.1623458857201606,-3.130208798652589,0.6680406551628403,0,A
0.7532030654886035,0.7309264906636398,-0.2515858869226754,1.2216061945990557,0.22324450035108856,0,B
1.7578275391666383,2.4326229592571216,-1.7334497066578425,1.7150784711214357,1.3482596848975372,1,D
2.0423178929934993,0.41805926694390727,0.8151239617730329,-0.4489820507550836,0.4067423429980145,0,B
1.461064268915365,0.3773658706321337,-1.1698910590515796,1.1731689551393423,0.019190633704528188,1,A
1.7888848193257876,0.754260248799419,-0.1173610591327524,2.9860358180333444,-0.07710032933242053,0,A
2.109918977703286,1.1796784487297254,-0.936823334575982,0.20946353274123097,0.8033101756571315,1,B
2.4033702992858568,1.0223057375022009,0.3194276597692832,0.28247813533831145,0.6920827390249373,0,A
-0.11632550735428548,-1.3120880750627475,-0.7375880329293891,-3.5393177079466076,-0.25565273886726897,1,A
2.7647115343695665,1.4350672399668578,-1.4481403648161815,0.8224015096761893,0.8838305619051587,1,C
2.5902590731690878,1.784422858417003,1.6560049625961795,-0.04197670812116483,1.29633120060172,0,B
-1.454885606681564,4.483772660005934,-1.3099774650535356,-0.43875367580563207,3.0723091403283553,1,A
1.636307223704205,0.03464182034929575,0.8579232839439637,2.1865209120250544,-0.41928948355293905,0,D
0.33955638899150453,1.3739657285406146,1.2396816588388966,0.8892157186983427,0.7196957294643929,0,A
1.7749147585102643,0.010007084064499239,-1.47409678087562,0.8192522046356231,-0.1491991627961287,1,D
3.559963346733044,-2.6319274242258563,0.42176500793582844,0.10423784079474019,-1.7574122502728757,0,B
4.127865284600219,-3.388549874349201,0.4157096056604235,-1.4353596036581666,-1.9411060414221202,1,D
3.2750913833504174,2.3153342777918064,-0.6941344458755364,-1.2341887061419539,1.9405492844692407,0,C
2.889382388751817,1.811601422119748,-0.7572191121386952,-1.249451909237113,1.5767050588572835,0,D
1.1942355683002037,1.1166219072306578,0.5723810489036284,2.097289871880791,0.3307329610017671,0,D
0.4800191981214177,0.5214531715154491,1.8683908565661937,0.219010345548458,0.2716888180295237,0,A
3.063751522360918,2.07910091137474,0.6352191691792219,-0.8602943947148001,1.6902419947065492,0,D
0.8553362274350498,1.3583230292929955,-0.647751810482895,1.7209854625377567,0.5608352687002128,0,B
1.974308957930319,-0.3188120869188304,0.3325980087207567,2.613726553057476,-0.7374988411018251,0,B
1.2647731656895536,-0.3881810660817098,-2.6248580909117862,-2.516682393513978,0.23723677202569435,1,B
2.240403367126346,-0.8519938139166667,-1.766728187240061,0.3435653934476881,-0.6293056181210938,1,B
2.8038746642746823,0.6348523943806276,-0.19111374717648819,-0.2914407478174331,0.5588154784599412,0,A
1.6574009535789114,-0.051884977883503415,-0.9858578692282279,0.9033486944159075,-0.21469604649980925,1,B
0.850975083098563,1.2621383721273947,-0.804912490864045,1.7219403045104456,0.4936509653927856,1,B
0.28657296090821527,1.1393786725541188,2.654302496888551,0.6423572070695839,0.6051706050673664,0,C
0.6824457062220701,1.3477482342179945,-0.07639036374360593,1.4770532449972062,0.5959319614595554,0,D
0.2528216909619567,1.2784016563312246,-0.15093334145592519,0.6106486552498664,0.7067275553078388,1,B
2.0584604084508173,-0.5818486599159258,-0.38341667079200104,0.2833095334619271,-0.43742309990546513,1,B
2.4569215093792933,1.4747293594637993,0.955677377517143,-2.2000055161790812,1.518891470387104,1,A
3.0409866748648837,-2.107360320576178,-0.2863382124175012,2.7678244065768536,-1.963710515325489,1,A
2.0141303062756446,-0.4822642563428538,-1.2891564621352605,-1.0916704039583545,-0.08763046163648854,1,A
3.51962315268627,2.143618142440653,1.0940415117978814,0.4707565308895518,1.4817585459271736,0,B
1.558255929802245,-0.027425453283375176,1.213152619302894,3.4585665944966255,-0.7273205654964497,0,A
2.937869145987384,1.858094724984921,-2.4957144719928865,-1.7165030208751633,1.70714731865813,0,D
1.0707552580170427,1.1656654147444847,2.2731314383980794,2.0525012049468545,0.3684987348107423,0,B
0.07166411480710377,1.2188093393520871,-0.8460273718819662,0.3190503097182388,0.7172139918991437,0,B
2.515640913612509,0.48613101116076796,-1.8478575135885686,0.8316926502730229,0.21185848650669045,1,B
1.482072502591836,0.23056720960953514,-0.6623020386160264,-3.0046794496092737,0.7768932116044373,0,A
3.0166205931025947,1.2743451895069542,-1.4024536862245192,-0.17144805358772264,0.9877095126506616,0,B
2.865454916243471,1.1137821225956048,-1.8632643299111011,0.6510597405628586,0.700421872447659,1,C
2.8351457508199536,0.9367531534453075,-0.0757651996271364,-0.10797986092883816,0.7321495173679875,0,B
-0.3590161111498169,1.7291468202564066,-1.2145417172900352,-0.0411272864523502,1.1264655990965193,0,B
0.9995587554355385,0.9264767939955932,0.5376005032453067,-3.280566085275931,1.2953796287129873,0,D
2.1601011824906995,-0.6551303234982909,-0.39906430432883244,-1.1880078496551738,-0.18137463760483505,0,D
3.2779024795590628,-2.5104490794710403,-1.3857077772534974,1.968125899788582,-2.0687122736667325,1,C
2.314367305325807,0.7635317817888275,1.1005108481257977,-1.5631553454979612,0.8877677881813942,0,B
1.3856801858502341,-0.5258780592896275,-0.0647158452309996,-2.8333420175246684,0.2120840353308569,0,C
2.303545236209962,-0.9311399430441578,-0.13943242160361435,3.597940347891212,-1.3503559746136173,1,A
1.8750640575339679,3.644016752956589,-0.4341942469884954,3.3833991329764244,1.8518077324526176,1,B
0.6463973542072232,1.1336546333271966,0.7112234230116435,1.1874094227072627,0.5051861912009947,0,A
0.51098668521674,2.265031415155852,0.23936772900061032,1.782438123152097,1.16252250042508,1,B
0.13074840134091703,0.14019779408741342,-1.4264896598910815,-3.244567444668103,0.7032812212623891,0,B
3.7845415950922847,0.18161550572041335,-1.3852755128366483,0.46621489837335484,0.13200546666537696,1,A
2.530161234367654,1.3938555343623873,0.49734295808525913,-0.829621022777054,1.1843237255603556,0,D
4.032300039013904,1.993113994087902,0.4452238549952419,2.4775754166497252,0.9875895936851659,0,D
0.435063291850472,1.2538814687905802,0.15699256383785193,0.8229638368946377,0.6541745623498596,0,C
0.6619630358642872,-1.0287753966484032,1.7811091917389403,-2.8886725286227355,-0.1579931490176321,0,B
1.3128800066638149,0.3789047477830876,-0.8663496901962451,1.17105900915417,0.01409560679941388,1,D
0.797252079346159,1.6763367956309727,-1.2951067772843041,1.7365472379166331,0.7758902703057167,1,A
1.8314001423560171,-0.10683858846756848,-1.0191066829970954,-0.6949379195613288,0.08339860589862516,1,C
2.5358378171009823,2.1908066244877444,-0.3005630443514946,1.4881892058721733,1.261606743469539,0,A
2.8524098909261904,2.1285327892164596,-0.24036573432740133,-1.3159959545104103,1.8088242407994717,0,C
3.9432652655544715,3.0445670876494955,2.709945819208321,-0.8173119581572132,2.3910169109307238,0,A
2.72638764781208,-1.5612398101660587,-0.07157505259104668,2.229151799220717,-1.487754259538125,1,D
1.002944243903019,1.5032244057484943,0.6434443351988705,2.1178985955287937,0.5864504059183341,0,D
4.113163997623623,3.8834669324388935,-0.9176667373693638,-0.46297877758027195,2.908312319089257,0,A
1.492262900776769,0.4021859881953779,0.10556594705207778,2.1236787568547557,-0.1575509134606331,1,B
-0.32976906930149785,0.8322754846627106,-0.13942448084251,-0.6450909888258476,0.6290877611970698,0,D
1.4092970453112446,1.656291025595893,-2.785398898502036,1.2859028653632363,0.8818436502144973,1,B
0.9844760967181252,0.7832913981594425,-0.40852272467570605,1.519828443918413,0.2086088412255322,0,D
1.800532142910797,-0.2387244374334341,-2.1786748891759884,2.2207847408263524,-0.608855308412638,0,B
2.7401052451032326,1.031521550343485,-0.1638531624165999,0.4378431759887156,0.6815408598699723,0,B
1.5819656283273855,0.13926317149783154,0.23321041491807248,2.1563511017284247,-0.34285516998679694,0,A
1.3091500010715376,-0.5215277990586835,-0.5931981716990814,-1.7480736981815999,-0.01136677770349581,0,A
2.392513256364653,-0.05663694680135691,-0.18715304137384084,3.4224774636989808,-0.7030461143567851,0,C
-0.265054911693793,1.8255549128324253,-2.250818252523808,-0.03347308614514777,1.1960246805231867,1,B
1.1329261542398275,1.0961810750609877,-1.6424925785264868,2.057038837603055,0.32208172471748603,0,B
2.814907914537744,2.0451481387940156,-0.9998266126922513,-0.5347225455784899,1.588667616840987,1,B
1.915303735483123,0.3394081001001055,0.5660652656422269,-2.048258195544003,0.6751825019865388,1,B
2.512715821560856,-1.41987394097687,-0.7625292380045217,4.232825911335105,-1.8109303794622171,0,D
2.7858807917497117,1.4112343382898869,-0.9667295982119771,0.019189982457482158,1.0333136647244756,0,D
2.353346775755379,-1.0379608658526618,0.14624506151131889,0.20604089496825262,-0.7251524558475134,1,B
2.663051303323758,1.5299557313067018,1.3690639465985364,-1.5984277054299478,1.4427722146438424,0,D
2.4446596010472836,0.6393090761497958,-2.0798954460066197,-1.379007252466655,0.7694545667163102,0,C
4.801886907581238,2.605104070922607,0.7375238652243665,0.6982041729897859,1.8125687279748823,0,B
2.624517372468521,0.980313608942946,-1.3110187312551131,-0.5134215457799549,0.8363558582112576,0,D
1.5293999372947675,0.3183494013282204,-0.3413742254863069,0.4331181956576765,0.1333590066111032,1,A
-0.9173014912248245,2.574775120168745,0.9807606451667428,-0.5424642828702801,1.7918870704729783,1,A
2.7614137190782144,1.4366251244008905,-0.24734252122160863,-0.8100912087760477,1.2203058988930504,0,D
1.145584820823263,0.9367784860323501,0.5368351352347356,1.9441931250640478,0.23514490221537085,0,B
1.4570288478627749,0.3318794911447833,-0.691749730477007,1.7353962785106778,-0.1281357426189273,1,D
0.15975122025638777,0.8124592390734346,0.18504508927682284,0.2627847293525516,0.45051722273674355,0,D
1.6816720749447187,0.19890015480510453,-0.4882279014301127,2.587511529897488,-0.3856222949022278,1,A
2.3736171226362623,2.682041695387435,-1.3509396732880379,0.012278748226863034,1.8988713487323543,0,D
2.538666233003701,-0.8488522199939934,-1.4260148417055434,0.9985938261461568,-0.7484785938469808,1,B
2.2268319336821385,1.0006765351269649,0.8748077272355077,-1.9660496478284346,1.1313622909718783,0,B
1.9130102762937657,-0.12127084525521664,0.7694771080481417,2.6383053367615252,-0.6081004984288191,1,C
3.5007732372850975,-2.8372831552191546,0.6365148253400035,2.6373894522332773,-2.4233139463019695,1,D
4.249394202323581,0.5956919136439128,0.3492933613258847,0.6263796926986331,0.4073299187637824,0,A
2.983097150986722,-2.0470614595813608,-2.0405225470489867,1.839139794457497,-1.7335336990938786,1,B
1.6251982177297752,0.6737445735854007,1.0140704133445166,2.762632632811779,-0.09438269091518091,0,C
4.171680523774762,1.8919915770218967,-0.3048008387891909,-0.3418291153338263,1.503068695582377,0,C
3.8411671613615783,-3.1484960822639017,0.9368637071921025,-0.47581738586289424,-1.9843917130643285,0,C
3.196939306742495,-2.101175420700766,-0.18617339708463854,0.5986776108079852,-1.5066288485855557,0,A
1.4508303222791545,0.9858019018588225,1.402998453531806,2.404877134909931,0.18808997880655476,0,A
-0.37883768343011903,2.317043375741231,1.5185345148363905,-0.16662953895870825,1.5596339525756133,1,B
1.4168065120998343,-0.4441670829943418,0.06676712738393148,-1.756522361104345,0.04888465351890372,0,D
-0.005652772217137336,1.3446684811984293,-1.4915120266629625,0.2699171542017078,0.8112713573462759,1,A
1.089666647204079,0.3986524132501168,0.17031717096162202,1.6079512048255027,-0.07192690873352728,0,A
-0.9819210399374261,2.280305041947209,0.30154213636248595,-0.9970490170094763,1.6779548555993538,0,D
2.36028132008083,1.308787950866999,0.11948036852753598,-2.8295810292171346,1.528755680726942,0,A
0.4858307982920893,0.9315994116962585,0.49460655368728196,0.7809991483428974,0.4412565875090585,0,D
1.3201795597647688,-0.048729030609342146,1.2358206439347161,-1.8080129594963328,0.3297715794121036,0,C
2.1705775744682256,1.3926331722159344,-0.622244681353032,-0.6175821467235666,1.1238835772453946,0,D
-1.574161480617081,3.5475910227191836,-0.5166049471037216,-1.1895189310703187,2.57119385954612,0,A
1.742742346811411,1.7018589284695442,-0.21687382009007536,-2.0591797954974957,1.6158766491333023,0,A
0.4643069084769731,1.270269195963162,0.5956041847521389,0.9921228162232866,0.6320880133882605,1,C
-0.46442194699548023,2.0320228661654407,-1.0177482172960972,-0.2858904755407834,1.382408469517281,0,D
3.223197220502965,-2.0983589354177603,-2.988450043379424,1.3399336865301674,-1.6558607064955597,1,C
2.9646248291685473,0.8105930489688357,0.6688927818402175,0.12940067536969124,0.6015133717751185,1,A
2.3418988395526745,1.968089671119034,1.0574798895108857,-1.7390915346524518,1.7616409942506648,0,C
2.503196944262848,1.2998019472728657,-1.4368069638600667,0.5703858932390347,0.8300537462255965,1,C
2.57284108767176,-1.4926151203571323,-1.032076399333464,3.1220759863427086,-1.6304654498725144,1,C
0.911515172731643,0.9191680224794048,1.0194486377337773,1.4881465341827402,0.3062297135751495,0,C
2.6116374768301567,1.1156579210937427,-1.3899523581843807,-0.8472418472754867,0.9983830685631399,0,D
2.3512979933351,1.6840341048950083,-1.0798686924957517,3.5985285875178823,0.46771454098630827,0,C
1.0909257463642201,0.9119377428436548,0.7115089470440991,1.8859541324100944,0.22743152053602078,0,A
1.2768718620520034,-0.6495324982572525,-1.1696703564239812,-3.2692859828476277,0.2109732459904112,0,B
1.3801279998513014,0.7236051982807874,0.19551655896163134,-1.2325269264185854,0.7504909902795722,1,A
1.0929218548853883,0.8226910078137076,-3.114795045326296,1.8757358327577422,0.167644690402391,0,B
0.9031193699696005,1.187771002460785,0.5007793282769105,1.7544639606999115,0.43764440775864205,0,B
2.7789419643026854,0.5695426441631335,1.5383971408894384,0.14003397081671887,0.4236674198806265,1,A
0.9809470512228435,0.9390941442049563,0.2762513306282193,1.6964718274333241,0.28033938743516257,0,B
2.9813545568898543,0.5594843642915333,1.2648209673874304,2.7923431562252414,-0.11945771446346881,1,A
-0.4914246406333218,1.395615949347901,0.8220792284578131,-0.6483062343836383,1.0137542012708605,1,D
1.4310881913940605,0.3214721331233238,-0.6836046147279775,-0.3885654076476497,0.30003829386131287,0,D
1.2383717720870089,0.13008139850625325,0.5083911363846111,-2.6586369851176914,0.6251375042094253,0,A
0.8723297886737398,-0.6201868787448165,-1.2473230838335356,-1.3666281571361352,-0.17772856419805808,0,D
2.551149254090464,1.165463866879378,1.7327236446917351,-0.22829577804019707,0.9030596662348898,0,B
3.303127145593365,2.0609315845332317,-0.39154584516254093,0.28981881078602756,1.4518892149941776,0,A
1.5965136521111676,1.1046370303796285,-1.0809255909360043,-2.596197429562576,1.305013122118784,1,A
1.0526902547052943,0.17577925323802862,1.845615467485423,1.3923592573333496,-0.1840313403409451,0,B
3.782392027217914,2.9649016003402946,-1.172760231777747,-0.9767156226895322,2.361295829484497,0,C
1.0340853546694095,1.3326273360712848,-0.3159570373449593,2.0136996151257796,0.4907853813396831,0,C
1.9629928133494505,1.4723336143026555,0.0047745977658097275,-0.6251291272261637,1.1715395228754948,0,A
3.880328499754168,2.897301902538184,0.2871536669477228,0.5936291137451554,1.995946064701507,1,A
0.45806943835448743,0.8596904673727136,0.02475422653439141,0.7291708230585915,0.4007373337238755,1,B
0.1484015682013684,1.4190993757717931,-1.6215883106693672,0.555159389439196,0.8111890873313492,0,A
3.8952386688491605,-3.204196570464504,0.2030383006555332,-0.370528785537932,-2.0423055605738347,1,A
0.46272859330447513,0.5617459034449541,-0.309207707103236,0.529476493594467,0.23508686995460654,0,A
-0.6172951858106299,1.69724738373787,0.6592714333165313,-0.6769622490384901,1.223503284625487,0,D
2.897213376298705,1.898198714400304,0.8120217504658362,-0.1389901600110126,1.4089470128141997,1,D
1.420140978572132,0.412552299193269,-2.0661586618914036,1.470770137581528,-0.019365213998377397,1,B
2.244964939669733,0.20449307445036408,1.245184281452889,3.201641661413694,-0.48288733573813497,0,D
-0.7103541880508457,1.5878339072535104,-0.3335514831870297,-0.830681498275333,1.174975000844972,0,B
3.3251971021294295,2.6135007398443157,0.31369722004306966,0.0446762666890923,1.8869807907229257,0,B
-0.33477955692828676,2.642204189517076,-1.413357097125522,0.40406772264627067,1.6700978233998787,0,A
2.714259563953318,1.0455119052546176,0.1192789895962938,-0.13986275078118382,0.8088464367190158,1,C
0.11885082206541053,0.9102371047063473,-0.06127688432011246,0.18089234059900294,0.5334285951026005,0,D
2.644566113390687,0.43452958031853073,1.4965143602083433,2.4093945679273325,-0.142514067610985,1,C
-0.036672436472186654,1.8348475915027411,1.4685355564479903,0.4648686189294996,1.1102172378682378,0,B
2.8058231081741525,0.9075080181446913,-1.058533114090066,0.08980067024863891,0.6698836851976919,0,C
2.376065213112336,-0.1753550373627566,0.274616466477695,3.3039134558251737,-0.7618507804988169,1,A
2.8450764201108427,2.036999133931702,-0.6174539518829083,-1.5947559961633548,1.802229632123416,0,D
3.7139018683196072,2.1974167295158598,0.6621824720461802,-0.7323184375913321,1.7750460178434357,0,B
2.561408357932347,1.9886654848711798,2.563448294225979,-1.0537160339991103,1.6448312378106271,0,B
0.9362767724714655,1.1232430098713377,1.9060208086616754,1.8471377502080062,0.3752621508043071,0,B
0.9210223490383544,1.3853316412840153,-0.6224910336504001,-0.15283709611730956,0.9676583087976919,1,C
0.5255931017662989,0.14593883148749823,-2.0258903841570364,0.3542367845870019,-0.014846303392646741,0,A
2.929542084744875,2.5549201308040854,0.4096880311422954,-1.7092070423234218,2.189176138193883,0,C
0.02467921100438475,1.6261721005829248,0.3957698726974357,0.47801855787974923,0.965334543754498,1,A
2.5573119552748103,1.0958825332500268,-1.8114908810801669,0.883829605969152,0.6264296787384047,1,C
3.2127498675775223,2.165607928529181,-1.8179054089913111,-1.4995937650421025,1.8883497061662569,1,D
1.6083938607467574,-0.055256237651619064,-1.9356716079597183,2.5430437636835888,-0.5562396946585433,1,D
2.0927797756816275,-0.5888621260970416,-0.7141493632680369,0.35692446883375095,-0.4558962594320784,1,B
2.254741519954651,0.3851971698994957,0.09781168622570247,0.3681107729470011,0.2254350213012117,1,B
1.7236121590562488,-0.0036593842557993026,0.1893444645729334,2.3943641377724445,-0.4847200220875721,1,A
3.3121323965332685,2.9183407149254634,-0.3100126162344021,-1.0858940752487953,2.3304662100475944,1,C
1.6540514263838326,0.2113918778293252,-0.5478486520727295,-0.1622705135397129,0.1870091005265113,1,A
0.6656848220781406,1.0206178457400417,0.3131566993362507,1.2034167186014748,0.42425820331750563,1,B
1.581181683419393,0.5517867119241138,0.33848441483443814,2.2527186821473695,-0.07622701790545562,1,A
0.812814925431018,1.170980105340352,-1.260806829534808,1.3862621033263849,0.49764347649733237,0,A
